genus,FFG_fi,FFG_ga,FFG_sh,FFG_sc,FFG_pr,HTG_bu,HTG_cm,HTG_cn,HTG_sp,HTG_sw
Abtrichia,0,1,1,0,0,0,0,1,0,0
Acanthaeschna,0,0,0,0,1,0,0,1,1,0
Acanthagrion,0,0,0,0,1,0,1,1,1,0
Acanthallagma,0,0,0,0,1,0,0,1,1,0
Acanthiops,0,1,0,1,0,0,1,1,0,1
Acanthometropus,1,0,0,0,1,0,0,1,1,1
Acanthophlebia,0,1,1,0,0,1,0,1,1,1
Acentrella,0,1,0,0,0,0,0,1,1,1
Aceratobasis,0,0,0,0,1,0,1,0,1,0
Acerpenna,0,1,0,1,0,0,0,1,0,1
Achoropsyche,0,1,0,0,1,1,1,1,1,1
Aciagrion,0,0,0,0,1,0,1,1,0,0
Acisoma,0,0,0,0,1,0,1,1,1,0
Acritoptila,0,0,0,1,0,0,0,1,0,0
Acrogomphus,0,0,0,0,1,1,0,0,0,0
Acroneuria,0,0,0,0,1,0,0,1,0,1
Acroperla,0,0,0,0,0,0,0,0,0,0
Acrophylax,0,0,1,1,1,0,0,1,1,0
Acrotopsyche,0,1,0,1,0,0,0,1,0,0
Acruroperla,0,0,0,0,0,0,0,0,0,0
Adebrotus,0,1,0,0,0,0,0,1,0,1
Adenophlebia,0,1,1,0,0,0,0,1,1,1
Adenophlebiodes,0,1,1,0,0,0,0,1,1,1
Adicella,0,1,1,0,0,0,0,0,0,1
Adicrophleps,0,0,1,0,0,0,0,1,0,0
Adnoptilum,0,1,0,1,0,0,0,1,0,1
Adversaeschna,0,0,0,0,1,0,1,1,0,0
Aeolagrion,0,0,0,0,1,0,1,1,1,0
Aeschnophlebia,0,0,0,0,1,0,1,1,0,0
Aeschnosoma,0,0,0,0,1,0,1,0,1,0
Aeshna,0,0,0,0,1,0,1,1,1,1
Aethaloptera,1,0,0,0,1,0,0,1,0,0
Aethiothemis,0,0,0,0,1,0,1,0,1,0
Aethriamanta,0,0,0,0,1,0,1,1,0,0
Afghanurus,0,1,0,1,0,0,0,1,0,0
Africallagma,0,0,0,0,1,0,1,0,1,0
Africocypha,0,0,0,0,0,0,0,0,0,0
Afroaeschna,0,0,0,0,1,0,1,1,0,0
Afrobaetodes,0,1,0,1,0,0,0,1,0,1
Afronurus,0,1,0,1,1,0,0,1,0,0
Afroperlodes,0,0,0,0,1,0,0,1,0,0
Afroptilum,0,1,0,1,0,0,0,1,0,1
Afrorheithrus,0,0,0,0,0,0,0,0,0,0
Agabus,0,0,0,0,1,0,0,0,0,1
Agapetus,1,1,0,1,0,0,0,1,0,0
Agarodes,0,1,1,0,0,1,0,0,1,0
Agnetina,0,0,0,0,1,0,0,1,0,1
Agraylea,1,1,0,1,0,0,1,0,0,0
Agriocnemis,0,0,0,0,1,0,1,1,1,0
Agriogomphus,0,0,0,0,1,1,0,1,0,0
Agriomorpha,0,0,0,0,0,0,0,0,0,0
Agrionoptera,0,0,0,0,1,0,1,0,1,0
Agrypnetes,0,0,1,0,1,0,1,0,0,0
Agrypnia,0,1,1,0,1,0,1,0,0,0
Agyrtacantha,0,0,0,0,1,0,1,1,1,0
Alainites,0,1,0,0,0,0,0,1,0,1
Alaskaperla,0,0,0,1,0,0,0,1,0,0
Alisotrichia,0,1,0,1,0,0,0,1,0,0
Allenhyphes,0,1,0,1,0,0,0,1,0,0
Allocapnia,0,1,1,0,0,0,0,1,0,1
Allocnemis,0,0,0,0,0,0,0,0,0,0
Allocosmoecus,0,0,0,1,0,0,0,0,1,0
Alloecella,0,0,0,0,0,0,0,0,0,0
Alloecentrella,0,0,0,0,0,0,0,0,0,0
Allogamus,0,1,1,0,1,1,0,1,1,0
Allomyia,0,1,1,1,0,0,0,1,0,0
Alloperla,0,1,0,0,1,0,0,1,0,1
Alloretochus,1,1,0,0,0,1,0,0,1,0
Allotrichia,0,0,0,0,0,0,0,0,0,0
Alpopsyche,0,0,0,0,0,0,0,0,0,0
Amanahyphes,0,1,0,1,0,0,0,1,0,0
Amazonatolica,0,0,0,0,0,0,0,0,0,0
Amazoneura,0,0,0,0,1,0,1,0,0,1
Ameletoides,0,0,0,0,0,0,0,0,0,0
Ameletopsis,0,0,0,0,1,0,0,0,0,1
Ameletus,0,1,0,1,0,0,0,1,0,1
Amercaenis,1,0,0,0,0,0,0,0,0,1
Americabaetis,0,0,0,0,0,0,0,1,0,0
Ametropus,1,1,0,0,0,1,0,0,1,1
Amiocentrus,1,1,0,0,0,0,1,1,0,0
Amphiagrion,0,0,0,0,1,0,1,0,0,0
Amphiallagma,0,0,0,0,1,0,0,0,1,0
Amphicnemis,0,0,0,0,1,0,1,0,1,0
Amphicosmoecus,0,0,1,0,0,0,0,0,1,0
Amphigomphus,0,0,0,0,1,1,0,1,0,0
Amphinemura,0,1,1,0,0,0,0,1,1,1
Amphipsyche,1,1,0,0,1,0,0,1,0,0
Amphipteryx,0,0,0,0,0,0,0,0,0,0
Amphithemis,0,0,0,0,1,0,1,0,1,0
Amphoropsyche,0,0,1,0,0,0,0,0,0,1
Anabolia,0,1,1,0,0,0,1,0,1,0
Anaciaeschna,0,0,0,0,1,0,1,1,0,0
Anacroneuria,0,0,0,0,1,0,0,1,0,0
Anafroptilum,0,1,0,1,0,0,0,1,0,1
Anagapetus,0,1,0,1,0,0,0,1,0,0
Analetris,0,0,0,0,1,0,0,1,0,1
Anastomoneura,0,0,1,0,1,1,0,0,0,0
Anatya,0,0,0,0,1,0,1,0,1,0
Anax,0,0,0,0,1,0,1,1,0,1
Andaeschna,0,0,0,0,1,0,1,1,0,0
Andesiops,0,1,0,1,0,0,0,0,0,1
Andinagrion,0,0,0,0,1,0,1,0,1,0
Anectothemis,0,0,0,0,1,0,1,1,0,0
Anisagrion,0,0,0,0,1,0,1,1,1,0
Anisocentropus,0,0,1,0,0,0,0,0,1,0
Anisogamus,0,1,1,1,0,0,0,1,1,0
Anisogomphus,0,0,0,1,0,1,0,1,1,0
Anisopleura,0,0,0,0,0,0,0,0,0,0
Annitella,0,0,1,1,1,0,0,1,1,0
Anomalocosmoecus,0,0,1,1,1,0,0,1,1,0
Anomalopterygella,0,0,1,1,1,0,0,1,1,0
Anomisma,0,0,0,0,1,0,1,0,1,0
Anormogomphus,0,0,0,0,1,1,0,1,0,0
Anotogaster,0,0,0,0,1,1,0,0,0,0
Antarctoperla,0,0,0,0,0,0,0,0,0,0
Anthopotamus,1,1,0,0,0,1,0,1,1,0
Antiagrion,0,0,0,0,1,0,1,0,1,0
Antidythemis,0,0,0,0,1,0,1,0,1,0
Antillopsyche,1,0,0,0,1,0,0,1,0,0
Antipodochlora,0,0,0,0,1,0,1,0,1,0
Antipodoecia,0,0,0,0,0,0,0,0,0,0
Antipodogomphus,0,0,0,0,1,1,0,1,0,0
Antipodophlebia,0,0,0,0,1,0,1,1,0,0
Aoteapsyche,1,0,0,0,1,0,0,1,0,0
Apanisagrion,0,0,0,0,1,0,1,1,1,0
Apatania,1,1,0,1,0,0,1,1,0,0
Apataniana,0,1,0,1,0,0,1,1,0,0
Aphilorheithrus,0,0,0,0,1,0,0,0,0,0
Aphropsyche,1,0,0,0,1,0,0,1,0,0
Aphylla,0,0,0,0,1,1,0,0,0,0
Apobaetis,0,1,0,0,0,0,0,0,0,1
Apocordulia,0,0,0,0,1,0,0,0,0,0
Apsilochorema,0,0,0,0,1,0,0,1,0,0
Arabicnemis,0,0,0,0,1,0,0,1,0,0
Arabineura,0,0,0,0,1,0,0,1,0,0
Arachnocolus,0,1,1,0,0,0,0,1,1,0
Araucanioperla,0,0,0,0,1,0,0,1,0,0
Archaeogomphus,0,0,0,0,1,1,0,1,0,0
Archaeophlebia,0,0,0,0,1,0,1,0,1,0
Archaeophya,0,0,0,0,1,0,0,0,0,0
Archaeophylax,0,0,1,1,0,0,0,1,1,0
Archaeopodagrion,0,0,0,0,0,0,0,0,0,0
Archaeosynthemis,0,0,0,0,1,0,0,0,0,0
Archiargiolestes,0,0,0,0,1,0,0,1,1,0
Archibasis,0,0,0,0,1,0,0,0,1,0
Archilestes,0,0,0,0,1,0,1,1,0,0
Archineura,0,0,0,0,1,0,1,1,0,0
Archipetalia,0,0,0,0,1,0,0,0,0,0
Arctopora,0,0,1,1,0,0,0,1,1,0
Arctopsyche,1,0,0,0,1,0,0,1,0,0
Arcynopteryx,0,0,1,0,1,0,0,1,0,1
Argentagrion,0,0,0,0,0,0,0,0,0,0
Argia,0,0,0,0,1,0,0,0,1,0
Argiocnemis,0,0,0,0,1,0,0,0,1,0
Argiolestes,0,0,0,0,0,0,0,0,0,0
Argyrothemis,0,0,0,0,1,0,0,1,1,0
Arigomphus,0,0,0,0,1,1,0,0,0,0
Aristocypha,0,0,0,0,1,0,0,0,0,0
Armagomphus,0,0,0,0,1,1,0,1,0,0
Arsapnia,0,0,1,0,0,0,0,1,0,1
Arthroplea,1,0,0,0,0,0,0,1,0,1
Asiagomphus,0,0,0,0,1,1,0,1,0,0
Askola,0,1,1,0,0,0,0,1,0,1
Asmicridea,1,0,0,0,1,0,0,1,0,0
Asthenopodes,1,1,0,0,0,1,0,0,0,0
Asthenopus,1,1,0,0,0,1,0,0,1,0
Asynarchus,0,0,1,0,0,0,1,0,0,0
Atalomicria,0,1,1,0,0,0,0,1,0,1
Atalophlebia,0,1,1,0,0,0,0,1,0,1
Atalophlebioides,0,1,0,1,0,0,0,1,1,0
Atanatolica,0,0,1,0,1,0,0,0,1,1
Atherix,0,0,0,0,1,1,0,0,1,0
Athripsodes,0,0,1,0,1,0,0,0,1,1
Atoconeura,0,0,0,0,1,0,0,1,1,0
Atonurus,0,0,0,0,0,0,0,0,0,0
Atopophlebia,0,0,0,0,0,0,0,0,0,0
Atopsyche,0,0,0,0,1,0,0,1,0,0
Atratothemis,0,1,1,0,0,0,0,1,0,1
Atrichops,0,0,0,0,1,1,0,0,1,0
Atriplectides,0,0,0,0,0,0,0,0,0,0
Atrocalopteryx,0,0,0,0,1,0,1,1,0,0
Attaneuria,0,0,0,0,1,0,0,1,0,0
Attenella,0,1,0,1,0,0,0,1,0,0
Aturbina,0,1,0,1,0,0,0,1,0,1
Aubertoperla,0,0,0,0,1,0,0,1,0,0
Austrheithrus,0,0,0,0,1,0,0,0,0,0
Austroaeschna,0,0,0,0,1,0,1,1,0,0
Austroagrion,0,0,0,0,1,0,0,0,1,0
Austroargiolestes,0,0,0,0,1,0,0,0,0,0
Austrocerca,0,0,0,0,0,0,0,0,0,0
Austrocercella,0,0,0,0,0,0,0,0,0,0
Austrocercoides,0,0,0,0,0,0,0,0,0,0
Austrochorema,0,0,0,0,1,0,0,1,0,0
Austroclima,0,1,1,0,0,0,0,1,0,1
Austrocnemis,0,0,0,0,1,0,0,0,1,0
Austrocoenagrion,0,0,0,0,1,0,0,0,1,0
Austrocordulia,0,0,0,0,1,0,0,0,0,0
Austrocosmoecus,0,0,1,1,0,0,0,1,1,0
Austroepigomphus,0,0,0,0,1,1,0,1,0,0
Austrogomphus,0,0,0,0,1,1,0,1,0,0
Austrogynacantha,0,0,0,0,1,0,1,1,0,0
Austroheptura,0,0,0,0,0,0,0,0,0,0
Austrolestes,0,0,0,0,1,0,1,1,0,0
Austronella,0,1,1,0,0,0,0,0,1,1
Austronemoura,0,0,0,0,0,0,0,0,0,0
Austroneurorthus,0,0,0,0,0,0,0,0,0,0
Austropentura,0,0,0,0,0,0,0,0,0,0
Austroperla,0,0,0,0,0,0,0,0,0,0
Austropetalia,0,0,0,0,0,0,0,0,0,0
Austrophlebia,0,0,0,0,1,0,1,1,0,0
Austrophlebioides,0,0,0,0,1,0,0,0,0,0
Austrophya,0,0,0,0,1,0,0,0,0,0
Austropsyche,1,0,0,0,1,0,0,1,0,0
Austrosticta,0,0,0,0,1,0,0,1,0,0
Austrosynthemis,0,0,0,0,1,0,0,0,0,0
Austrothemis,0,0,0,0,1,0,0,1,1,0
Austrotinodes,1,0,0,0,0,0,0,1,0,0
Azuragrion,0,0,0,0,1,0,0,0,1,0
Bacillo,0,0,0,0,0,0,0,0,0,0
Badukiella,0,0,1,1,0,0,1,0,1,0
Baetiella,0,1,0,1,0,0,0,1,0,1
Baetis,0,1,0,1,0,0,0,1,0,1
Baetisca,0,1,0,1,0,0,0,0,1,1
Baetodes,0,1,0,1,0,0,0,1,0,1
Baetopus,0,1,0,1,0,0,0,1,0,1
Baliomorpha,1,0,0,0,1,0,0,1,0,0
Banksiola,0,0,1,0,1,0,1,0,0,0
Banyallarga,0,0,1,0,0,0,0,0,1,0
Barbaetis,0,1,0,0,0,0,0,1,0,1
Barbarochthon,0,0,0,0,0,0,0,0,0,0
Barynema,0,0,1,0,1,1,0,0,1,0
Barypenthus,1,1,0,0,0,1,0,0,0,0
Basiaeschna,0,0,0,0,1,0,1,1,1,0
Bayadera,0,0,0,0,1,0,0,0,0,0
Beloneuria,0,0,0,0,1,0,0,1,0,0
Beraea,1,1,0,1,0,0,1,0,1,0
Beraeamyia,0,1,0,0,0,0,0,0,1,0
Beraeodes,0,1,0,0,0,0,0,0,1,0
Beraeodina,0,1,0,0,0,0,0,0,1,0
Beraeoptera,0,0,0,0,0,0,0,0,0,0
Besdolus,0,0,1,0,1,0,0,1,0,1
Bessierus,0,1,1,0,0,0,0,1,0,1
Blepharopus,1,0,0,0,1,0,0,1,0,0
Bleptus,0,0,0,0,1,0,0,0,1,0
Borinquena,0,1,1,0,0,0,0,1,0,1
Boyeria,0,0,0,0,1,0,0,1,1,0
Brachycentrus,1,0,0,1,0,0,0,1,0,0
Brachycercus,1,1,0,0,0,1,0,0,1,0
Brachydiplax,0,0,0,0,1,0,0,1,1,0
Brachygonia,0,0,0,0,0,0,0,0,0,0
Brachymesia,0,0,0,0,1,0,1,0,1,0
Brachypsyche,0,0,1,1,0,0,0,1,1,0
Brachyptera,1,0,1,1,0,1,0,1,0,0
Brachysetodes,0,0,1,0,1,0,0,0,1,1
Brachythemis,0,0,0,0,1,0,0,1,1,0
Brachytron,0,0,0,0,1,0,1,1,0,0
Bradinopyga,0,0,0,0,1,0,0,1,1,0
Brasilocaenis,1,1,0,0,0,1,0,0,0,0
Brechmorhoga,0,0,0,0,1,0,0,0,1,0
Bromeliagrion,0,0,0,0,1,0,0,0,1,0
Bryoplathanon,0,0,0,0,1,0,1,1,0,0
Bugilliesia,0,1,0,1,0,0,0,1,0,1
Bungona,0,1,0,1,0,0,0,1,0,1
Burmagomphus,0,0,0,0,1,1,0,1,0,0
Burmargiolestes,0,0,0,0,1,0,0,0,0,0
Cabecar,0,1,0,0,0,0,0,1,0,0
Cacoides,0,0,0,0,1,1,0,1,0,0
Caconeura,0,0,0,0,1,0,0,0,0,0
Caenis,0,1,0,1,0,0,1,0,1,0
Caenoculis,1,1,0,0,0,1,0,0,0,0
Caenota,0,0,0,0,0,0,0,0,0,0
Cailloma,0,0,0,0,1,0,0,1,0,0
Calamoceras,0,0,1,0,0,0,0,0,1,0
Caledopteryx,0,0,0,0,1,0,0,0,0,0
Caliaeschna,0,0,0,0,1,0,1,1,0,0
Caliagrion,0,0,0,0,1,0,0,0,1,0
Calicnemia,0,0,0,0,1,0,0,1,0,0
Calineuria,0,0,0,0,1,0,0,1,0,0
Caliphaea,0,0,0,0,1,0,1,1,0,0
Callibaetis,0,1,0,1,0,0,1,0,0,1
Callibaetoides,0,1,0,0,0,0,0,1,0,1
Calliperla,0,0,1,0,1,0,0,1,0,1
Calocypha,0,0,0,0,0,0,0,0,0,0
Calophlebia,0,0,0,0,1,0,1,0,1,0
Calopteryx,0,0,0,0,1,0,1,0,0,0
Calvertagrion,0,0,0,0,1,0,0,0,1,0
Camacinia,0,0,0,0,1,0,0,1,1,0
Camelobaetidius,0,1,0,0,0,0,0,1,0,1
Campsiophora,0,1,0,1,0,0,0,1,0,0
Campsurus,1,1,0,0,0,1,0,0,1,0
Campylocia,0,0,0,0,0,0,0,0,0,0
Cannaphila,0,0,0,0,1,0,0,1,1,0
Capnia,0,0,1,0,0,0,0,1,0,1
Capnioneura,0,0,1,0,0,0,0,1,0,1
Capnopsis,0,0,1,0,0,0,0,0,0,0
Caradina,0,0,0,0,0,0,0,0,0,0
Careospina,0,1,1,0,0,0,0,1,0,1
Caribaetis,0,1,0,1,0,0,0,1,0,1
Cariboptila,0,1,0,1,0,0,0,1,0,0
Caroperla,0,0,0,0,1,0,0,1,0,1
Cascadoperla,0,0,1,0,1,0,0,1,0,1
Castanophlebia,0,1,1,0,0,0,0,1,0,1
Castoraeschna,0,0,0,0,1,0,1,1,0,0
Catagapetus,0,1,0,1,0,0,0,1,0,0
Caucasiron,0,0,0,1,0,0,0,1,0,0
Caudatella,0,1,0,1,0,0,0,1,0,0
Celebargiolestes,0,0,0,0,1,0,0,0,0,0
Celebothemis,0,0,0,0,1,0,0,1,1,0
Celithemis,0,0,0,0,1,0,1,0,1,0
Centromacronema,1,0,0,0,1,0,0,1,0,0
Centroptiloides,0,1,0,0,0,0,0,1,0,1
Centroptilum,0,1,0,1,0,0,0,1,0,1
Cephalaeschna,0,0,0,0,1,0,1,1,0,0
Ceraclea,0,1,0,1,0,0,0,0,0,1
Cerasma,0,1,1,0,0,1,0,0,1,0
Cerasmatrichia,0,0,0,1,0,0,0,1,0,0
Ceratogomphus,0,0,0,0,1,1,0,1,0,0
Ceratoperla,0,0,0,0,1,0,0,1,0,0
Ceratopsyche,1,0,0,0,0,0,0,1,0,0
Cercion,0,0,0,0,1,0,0,0,1,0
Cercobrachys,0,1,0,0,0,1,0,0,1,0
Cerconychia,0,0,0,0,0,0,0,0,0,0
Ceriagrion,0,0,0,0,1,0,0,0,1,0
Cernotina,0,0,0,0,1,0,0,1,0,0
Ceylonosticta,0,0,0,0,0,0,0,0,0,0
Chaetopteroides,0,0,1,1,0,0,1,0,1,0
Chaetopterygopsis,0,0,1,1,0,0,0,1,1,0
Chaetopteryx,0,0,1,1,0,0,0,1,1,0
Chalcolestes,0,0,0,0,1,0,1,1,0,1
Chalcopteryx,0,0,0,0,0,0,0,0,0,0
Chalcostephia,0,0,0,0,1,0,0,1,1,0
Chalybeothemis,0,0,0,0,1,0,1,0,1,0
Chaquihua,0,0,0,0,0,0,0,0,0,0
Charoterpes,0,0,0,0,0,0,0,0,0,0
Cheumatopsyche,0,1,0,0,1,1,0,1,0,0
Chilenoperla,0,1,1,0,0,0,0,1,0,1
Chiloporter,0,0,0,0,0,0,0,0,0,0
Chilostigma,0,0,1,1,0,0,0,1,1,0
Chimarra,1,0,0,0,0,0,0,1,0,0
Chionophylax,0,0,1,1,0,0,1,0,1,0
Chlorocnemis,0,0,0,0,1,0,0,1,0,0
Chlorocypha,0,0,0,0,1,0,0,0,0,0
Chlorogomphus,0,0,0,0,0,0,0,0,0,0
Chlorolestes,0,0,0,0,0,0,0,0,0,0
Chloroperla,0,0,0,0,1,0,0,1,0,1
Chorismagrion,0,0,0,0,0,0,0,0,0,0
Choristhemis,0,0,0,0,1,0,0,0,0,0
Choroterpes,0,1,1,0,0,0,0,1,1,0
Choroterpides,0,1,1,0,0,0,0,1,0,1
Chromagrion,0,0,0,0,1,0,0,0,1,0
Chyranda,0,0,1,0,0,0,0,0,1,0
Cincticostella,0,1,0,1,0,0,0,1,0,0
Cinygma,0,1,0,1,0,0,0,1,0,0
Cinygmina,0,1,0,1,0,0,0,1,0,0
Cinygmula,0,1,0,1,0,0,0,1,0,0
Claassenia,0,0,0,0,1,0,0,1,0,0
Clavichorema,0,0,0,0,1,0,0,1,0,0
Clioperla,0,0,0,0,1,0,0,1,0,1
Clistoronia,0,0,1,0,1,0,0,0,1,0
Cloeodes,0,1,0,0,0,0,0,1,0,1
Cloeon,0,1,0,0,0,0,0,1,0,1
Clostoeca,0,0,1,1,0,0,0,1,1,0
Clypeocaenis,1,1,0,0,0,1,0,0,0,0
Cochliopsyche,0,0,0,1,0,1,0,1,0,0
Coeliccia,0,0,0,0,1,0,0,0,0,0
Coenagrion,0,0,0,0,1,0,1,0,0,0
Coenoria,0,0,0,0,0,0,0,0,0,0
Coloburiscoides,0,0,0,0,0,0,0,0,0,0
Coloburiscus,0,0,0,0,0,0,0,0,0,0
Colpotaulius,0,0,1,1,0,0,0,1,1,0
Compsoneuria,0,0,0,1,0,0,0,1,0,0
Condocerus,0,0,0,0,0,0,0,0,0,0
Confluens,0,0,0,0,0,0,0,0,0,0
Conoesucus,0,0,0,0,0,0,0,0,0,0
Consorophylax,0,0,1,1,0,0,0,1,1,0
Contulma,0,0,0,0,0,0,0,0,0,0
Copera,0,0,0,0,1,0,0,1,0,0
Cora,0,1,0,0,1,0,1,0,0,0
Cordulegaster,0,0,0,0,1,1,0,0,0,0
Cordulephya,0,0,0,0,1,0,0,0,0,0
Cordulia,0,0,0,0,1,0,1,0,1,0
Corinnella,0,1,0,0,0,0,0,1,0,1
Coryphaeschna,0,0,0,0,1,0,1,0,0,0
Coryphorus,0,0,0,0,0,0,0,0,0,0
Cosmioperla,0,0,0,0,0,0,0,0,0,0
Costachorema,0,0,0,0,1,0,0,1,0,0
Costora,0,0,0,0,0,0,0,0,0,0
Crassabwa,0,1,0,1,0,0,0,1,0,1
Cratilla,0,0,0,0,1,0,0,1,1,0
Crenigomphus,0,0,0,0,1,1,0,1,0,0
Cristaperla,0,0,0,0,0,0,0,0,0,0
Crocothemis,0,0,0,0,1,0,1,0,0,0
Crunoecia,0,0,1,0,0,0,1,0,1,0
Cryptobiosella,1,0,0,0,0,0,0,1,0,0
Cryptochia,0,0,1,1,0,0,0,0,1,0
Cryptonympha,0,1,0,1,0,0,0,1,0,1
Cryptophaea,0,0,0,0,1,0,0,0,0,0
Cryptothrix,0,0,1,1,0,0,0,1,1,0
Cubanoptila,0,1,0,1,0,0,0,1,0,0
Culoptila,0,0,0,1,0,0,0,1,0,0
Cultus,0,0,1,0,1,0,0,1,0,1
Cyanallagma,0,0,0,0,1,0,0,0,1,0
Cyanogomphus,0,0,0,0,1,1,0,1,0,0
Cyanothemis,0,0,0,0,1,0,0,1,1,0
Cyclogomphus,0,0,0,0,1,1,0,0,0,0
Cyrnellus,1,0,0,0,1,0,0,1,0,0
Cyrnus,1,0,0,0,1,0,0,1,0,0
Dabulamanzia,0,0,0,0,0,0,0,0,0,0
Dacnogenia,0,0,0,1,0,0,0,1,0,0
Dactylophlebia,0,1,1,0,0,0,0,1,0,1
Dannella,0,1,0,1,0,0,0,1,0,0
Dasythemis,0,0,0,0,1,0,0,1,1,0
Daternomina,1,0,0,0,0,1,0,1,0,0
Davidioides,0,0,0,0,1,1,0,0,0,0
Davidius,0,0,0,0,1,1,0,1,0,0
Deielia,0,0,0,0,1,0,0,1,1,0
Deleatidium,0,1,1,0,0,0,0,1,0,1
Demoreptus,0,1,0,1,0,0,0,1,0,1
Demoulinellus,0,1,1,0,0,0,0,1,0,1
Dendroaeschna,0,0,0,0,1,0,1,1,0,0
Denticulobasis,0,0,0,0,1,0,0,0,1,0
Desmogomphus,0,0,0,0,1,1,0,1,0,0
Despaxia,0,0,1,0,0,0,0,1,0,1
Devadatta,0,0,0,0,0,0,0,0,0,0
Diamphipnoa,0,0,0,0,0,0,0,0,0,0
Diamphipnopsis,0,0,0,0,0,0,0,0,0,0
Diaphlebia,0,0,0,0,0,0,0,0,0,0
Diastatomma,0,0,0,0,1,1,0,1,0,0
Diastatops,0,0,0,0,1,0,0,1,1,0
Dibusa,0,0,0,1,0,0,0,1,0,0
Dicercomyzon,0,0,0,0,0,0,0,0,0,0
Dicosmoecus,0,0,1,1,1,0,0,0,1,0
Dicterias,0,0,0,0,0,0,0,0,0,0
Dictyogenus,0,0,1,0,1,0,0,1,0,1
Didymops,0,0,0,0,1,0,0,0,1,0
Dimeragrion,0,0,0,0,1,0,0,1,1,0
Dinarthrum,0,0,1,0,0,0,1,0,1,0
Dinocras,0,0,0,0,1,0,0,1,0,1
Dinotoperla,0,0,0,0,1,0,0,1,0,0
Diphetor,0,1,0,1,0,0,0,1,0,1
Diphlebia,0,0,0,0,0,0,0,0,0,0
Diplacina,0,0,0,0,1,0,0,1,1,0
Diplacodes,0,0,0,0,1,0,0,1,1,0
Diplectrona,1,0,0,0,0,0,0,1,0,0
Diploperla,0,0,1,0,1,0,0,1,0,1
Dipseudopsis,1,0,0,0,0,1,0,0,0,0
Disparoneura,0,0,0,0,1,0,0,1,0,0
Diura,0,0,0,1,1,0,0,0,0,0
Doddsia,1,0,1,1,0,1,0,1,0,0
Dolonagrion,0,0,0,0,0,0,0,0,0,0
Dolophilodes,1,0,0,0,0,0,0,1,0,0
Dorocordulia,0,0,0,0,1,0,1,0,1,0
Doroneuria,0,0,0,0,1,0,0,1,0,1
Drepanoneura,0,0,0,0,1,0,0,0,1,0
Drepanosticta,0,0,0,0,0,0,0,0,0,0
Dromaeschna,0,0,0,0,1,0,1,1,0,0
Dromogomphus,0,0,0,0,1,1,0,0,0,0
Drunella,0,0,0,0,1,0,0,1,1,0
Drusus,0,0,1,1,0,0,0,1,1,0
Dysphaea,0,0,0,0,1,0,0,0,0,0
Dythemis,0,0,0,0,1,0,0,0,1,0
Ecchlorolestes,0,0,0,0,0,0,0,0,0,0
Ecclisocosmoecus,0,0,1,1,0,1,0,0,0,0
Ecclisomyia,0,1,0,1,0,0,0,1,0,0
Ecclisopteryx,0,0,1,1,0,0,0,1,1,0
Eccoptura,0,0,0,0,1,0,0,1,0,1
Ecdyonurus,0,0,0,1,0,0,0,1,0,0
Echinopus,0,0,0,0,0,0,0,0,0,0
Echo,0,0,0,0,1,0,1,0,0,1
Ecnomina,1,0,0,0,0,1,0,1,0,0
Ecnomus,1,0,0,0,0,1,0,1,0,0
Ecuaphlebia,0,1,1,0,0,0,0,1,0,1
Edmundsius,0,1,0,0,1,0,0,0,1,1
Edpercivalia,0,0,0,0,1,0,0,1,0,0
Elasmothemis,0,0,0,0,1,0,0,0,0,0
Elassoneuria,1,0,0,0,0,1,0,0,0,0
Elattoneura,1,0,0,0,0,1,0,0,0,0
Electrogena,0,0,0,1,0,0,0,0,0,0
Eleuthemis,0,0,0,0,1,0,0,0,1,0
Elga,0,0,0,0,1,0,0,0,1,0
Enacantha,0,0,0,0,1,0,1,0,0,0
Enallagma,0,0,0,0,1,0,1,0,0,0
Enderleina,0,0,0,0,1,0,0,1,0,0
Enoicyla,0,0,1,0,0,0,0,0,0,0
Eoargiolestes,0,0,0,0,1,0,0,0,0,0
Eocosmoecus,0,0,1,0,0,0,0,0,1,0
Eoperla,0,0,0,0,1,0,0,1,0,0
Eosericostoma,0,0,0,0,0,0,0,0,0,0
Eothemis,0,0,0,0,1,0,0,0,1,0
Epallage,0,0,0,0,0,0,0,0,0,0
Epeorus,0,1,0,0,0,0,0,1,0,0
Ephacerella,0,1,0,0,0,0,0,1,0,0
Ephemera,0,1,0,0,0,1,0,0,0,0
Ephemerella,0,1,0,0,0,0,0,1,0,1
Ephemerellina,0,1,0,0,0,0,0,0,0,0
Ephemerythus,0,0,0,0,0,0,0,0,0,0
Ephoron,0,1,0,0,0,1,0,0,0,0
Epiaeschna,0,0,0,0,1,0,1,0,0,0
Epigomphus,0,0,0,0,1,1,0,0,0,0
Epiophlebia,0,0,0,0,0,0,0,0,0,0
Epipleoneura,0,0,0,0,1,0,1,1,0,0
Epipotoneura,0,0,0,0,1,0,1,1,0,0
Episynlestes,0,0,0,0,1,0,1,0,0,0
Epitheca,0,0,0,0,1,0,1,0,0,0
Epithemis,0,0,0,0,1,0,1,0,1,0
Epophthalmia,0,0,0,0,1,0,0,0,0,0
Eratopsyche,1,0,0,0,0,0,0,1,0,0
Ernodes,0,0,0,0,0,0,0,0,0,0
Erotesis,0,1,0,0,0,0,1,0,0,1
Erpetogomphus,0,0,0,0,1,1,0,0,0,0
Erythemis,0,0,0,0,1,0,1,0,0,0
Erythrodiplax,0,0,0,0,1,0,1,0,0,0
Erythromma,0,0,0,0,1,0,1,1,0,0
Esme,0,0,0,0,0,0,0,0,0,0
Ethochorema,0,0,0,0,0,0,0,0,0,0
Eucapnopsis,0,0,1,0,0,0,0,0,1,0
Euleuctra,0,0,1,0,0,0,0,0,1,0
Eunotoperla,0,0,0,0,0,0,0,0,0,0
Euphaea,0,0,0,0,0,0,0,0,0,0
Eurilophella,0,1,0,0,0,0,0,1,0,0
Eurylophella,0,0,0,1,0,0,0,1,1,0
Eurysticta,0,0,0,0,0,0,0,0,0,0
Eusthenia,0,0,0,0,0,0,0,0,0,0
Eusynthemis,0,0,0,0,0,0,0,0,0,0
Euthore,0,0,0,0,0,0,0,0,0,0
Euthraulus,0,1,0,0,0,0,0,1,0,0
Euthyplocia,0,0,0,0,0,0,0,0,0,0
Fabria,0,0,1,0,1,0,1,0,0,0
Fallceon,0,1,0,0,0,0,0,0,0,1
Farrodes,0,1,0,0,0,0,0,1,0,0
Farula,0,0,0,1,0,0,0,1,0,0
Fittkaulus,0,1,0,0,0,0,0,1,0,0
Fittkauneuria,1,0,0,0,0,1,0,0,0,0
Flintiella,0,0,0,0,0,0,0,0,0,0
Forcepsioneura,0,0,0,0,1,0,1,0,0,0
Frenesia,0,0,1,0,0,0,0,0,1,0
Fukienogomphus,0,0,0,0,1,1,0,0,0,0
Fulletomimus,0,1,0,0,0,0,1,0,0,0
Fylgia,0,0,0,0,1,0,0,0,1,0
Ganonema,0,0,1,0,0,0,0,0,1,0
Garinjuga,0,0,0,0,1,0,0,0,1,0
Glossosoma,0,0,0,1,0,0,0,1,0,0
Glyphopsyche,0,0,1,0,0,0,0,1,0,0
Glyphotaelius,0,0,1,0,0,0,0,0,1,0
Goera,0,0,0,1,0,0,0,1,0,1
Goeracea,0,0,0,1,0,0,0,1,0,0
Goerodes,0,0,1,0,0,0,0,1,0,0
Gomphaeschna,0,0,0,0,1,0,0,1,0,0
Gomphidia,0,0,0,0,1,1,0,0,0,0
Gomphidictinus,0,0,0,0,1,1,0,0,0,0
Gomphoides,0,0,0,0,1,1,0,0,0,0
Gomphomacromia,0,0,0,0,0,0,0,0,0,0
Gomphurus,0,0,0,0,1,1,0,0,0,0
Gomphus,0,0,0,0,1,1,0,0,0,0
Gonserellus,0,1,1,0,0,0,0,1,1,0
Grammotaulius,0,0,1,0,0,0,0,0,1,0
Grensia,0,0,1,0,0,0,0,0,0,0
Gripopteryx,0,0,0,0,0,0,0,0,0,0
Griseargiolestes,0,0,0,0,0,0,0,0,0,0
Grumicha,0,0,1,0,0,0,0,0,1,0
Grumichella,0,1,0,0,0,0,1,0,0,1
Guajirolus,0,1,0,0,0,0,1,0,0,1
Guaranyperla,0,0,0,0,0,0,0,0,0,0
Gumaga,0,1,1,1,0,0,0,0,1,0
Gynacantha,0,0,0,0,1,0,1,0,1,0
Gynothemis,0,0,0,0,1,0,0,0,1,0
Gyrocarisa,0,0,0,0,0,0,0,0,0,0
Habroleptoides,0,1,0,0,0,0,1,1,0,0
Habrophlebia,0,1,0,0,0,0,0,1,0,1
Habrophlebiodes,0,0,0,1,0,0,0,1,0,1
Hadimina,0,0,0,0,0,0,0,0,0,0
Hadrothemis,0,0,0,0,1,0,0,0,1,0
Hagenella,0,0,1,0,1,0,1,0,0,0
Hagenius,0,0,0,0,1,0,0,0,1,0
Hagenulopsis,0,1,0,0,0,0,1,1,0,0
Hagenulus,0,1,0,0,0,0,1,1,0,0
Halesochila,0,0,1,1,0,0,1,0,1,0
Halesus,0,1,0,0,0,0,1,1,0,0
Halticoperla,0,0,0,0,0,0,0,0,0,0
Hampa,0,0,0,0,0,0,0,0,0,0
Hansonoperla,0,0,0,0,1,0,0,1,0,0
Haplohyphes,0,1,0,0,0,0,0,0,0,0
Haploperla,0,0,0,0,1,0,0,1,0,0
Hapsiphlebia,0,1,0,0,0,0,1,1,0,0
Harpagobaetis,0,1,0,0,0,0,1,0,0,1
Heliaeschna,0,0,0,0,1,0,0,1,0,0
Helicopsyche,0,0,0,1,0,0,0,1,0,0
Heliocharis,0,0,0,0,0,0,0,0,0,0
Heliocypha,0,0,0,0,1,0,0,1,0,0
Heliogomphus,1,0,0,0,0,0,0,1,0,0
Hellyethira,0,0,0,1,0,0,1,0,0,0
Helocordulia,0,0,0,0,1,0,1,0,1,0
Hemianax,0,0,0,0,1,0,0,0,0,0
Hemicordulia,0,0,0,0,1,0,1,0,1,0
Hemigomphus,0,0,0,0,1,1,0,0,0,0
Hemimelaena,0,0,0,0,1,0,0,1,1,0
Hemiphlebia,0,0,0,0,0,0,0,0,0,0
Hemistigma,0,0,0,0,1,0,0,0,1,0
Heptagenia,0,0,0,1,0,0,0,1,0,1
Hermanella,0,1,0,1,0,0,0,0,0,0
Hermanellopsis,0,1,0,0,0,0,0,1,0,0
Hesperagrion,0,0,0,0,1,0,1,0,0,0
Hesperocordulia,0,0,0,0,0,0,0,0,0,0
Hesperoperla,0,0,0,0,1,0,0,1,0,0
Hesperophylax,0,0,1,0,0,0,1,0,1,0
Hetaerina,0,0,0,0,1,0,1,0,0,0
Heteragrion,0,0,0,0,1,0,0,0,0,0
Heterocloeon,0,1,0,1,0,0,0,1,0,1
Heteroplectron,0,0,1,0,0,0,0,0,1,0
Heteropodagrion,0,0,0,0,0,0,0,0,0,0
Hexagenia,0,1,0,0,0,1,0,0,0,0
Himalagrion,0,0,0,0,1,0,0,1,0,0
Himalopsyche,0,0,0,0,1,0,0,1,0,0
Holocentropus,1,0,0,0,0,0,0,1,0,0
Homeoura,0,0,0,0,1,0,1,0,0,0
Homoeoneuria,1,0,0,0,0,1,0,0,0,0
Homophylax,0,0,1,0,0,0,0,0,1,0
Homoplectra,1,0,0,0,0,0,0,1,0,0
Homothraulus,0,1,0,0,0,0,0,1,0,1
Hubbardipes,0,0,0,0,0,0,0,0,0,0
Hudsonema,0,1,0,0,0,0,1,0,0,1
Huonia,0,0,0,0,0,0,0,0,0,0
Hyalophlebia,0,1,0,0,0,0,0,1,0,1
Hydatophylax,0,0,1,0,0,0,0,0,1,0
Hydrobasileus,0,0,0,0,1,0,0,0,1,0
Hydrobiosella,1,0,0,0,0,0,0,1,0,0
Hydrobiosis,0,0,0,0,1,0,0,1,0,0
Hydrochorema,0,0,0,0,1,0,0,1,0,0
Hydromastodon,0,1,1,0,0,0,0,1,1,0
Hydropsyche,1,0,0,0,0,0,0,1,0,0
Hydroptila,0,0,0,1,1,0,0,1,0,0
Hydrosalpinx,0,0,0,0,0,0,0,0,0,0
Hydrosmilodon,0,1,0,1,0,0,0,1,0,1
Hylaeothemis,0,0,0,0,1,0,0,0,1,0
Hylister,0,0,0,0,0,0,0,0,0,0
Hylogomphus,0,0,0,0,1,1,0,0,0,0
Hyperrhyacophila,0,0,0,0,1,0,0,0,1,0
Hypolestes,0,0,0,0,0,0,0,0,0,0
Hypopetalia,0,0,0,0,0,0,0,0,0,0
Hyporhyacophila,0,0,0,0,0,0,0,0,0,0
Ichthybotus,0,0,0,0,0,0,0,0,0,0
Ictinogomphus,0,0,0,0,1,1,0,0,0,0
Idiataphe,0,0,0,0,1,0,0,0,1,0
Idiocnemis,0,0,0,0,0,0,0,0,0,0
Idioneura,0,0,0,0,1,0,1,0,0,0
Idionyx,0,0,0,0,0,0,0,0,0,0
Idomacromia,0,0,0,0,1,0,0,0,0,0
Illiesoperla,0,0,0,0,0,0,0,0,0,0
Indaeschna,0,0,0,0,1,0,0,1,0,1
Indocnemis,0,0,0,0,0,0,0,0,0,0
Indolestes,0,0,0,0,1,0,1,0,0,0
Indonemoura,0,0,0,0,0,0,0,0,0,0
Indonemura,0,0,0,0,0,0,0,0,0,0
Indophaea,0,0,0,0,0,0,0,0,0,0
Indosticta,0,0,0,0,1,0,0,0,0,0
Indothemis,0,0,0,0,1,0,0,0,1,0
Inpabasis,0,0,0,0,1,0,1,0,0,0
Iridictyon,0,0,0,0,1,0,1,1,0,0
Iron,0,0,0,0,0,0,0,0,0,0
Ironodes,0,0,0,1,0,0,0,1,0,0
Ironoquia,0,0,1,0,0,0,0,1,0,0
Irpacaenis,0,1,0,1,0,0,0,0,1,0
Isca,0,1,0,0,0,0,0,1,0,1
Ischnura,0,0,0,0,1,0,1,0,0,0
Isocapnia,0,0,1,0,0,0,0,0,1,0
Isogamus,0,0,1,1,0,0,1,0,1,0
Isogenoides,0,0,0,0,1,0,0,1,0,0
Isogenus,0,0,0,0,1,0,0,1,1,0
Isomecocnemis,0,0,0,0,0,0,0,0,0,0
Isomma,0,0,0,0,1,1,0,0,0,0
Isonychia,1,0,0,0,0,0,0,1,0,1
Isoperla,0,0,0,0,1,0,0,1,0,0
Isoptena,0,0,0,0,1,0,0,1,0,0
Isothraulus,0,1,1,0,0,0,0,1,1,0
Iswaeon,0,0,0,0,0,0,0,0,0,0
Itauara,0,0,0,1,0,0,0,1,0,0
Ithytrichia,0,0,0,1,0,0,0,1,0,0
Jappa,0,1,0,0,0,0,0,1,0,1
Kageronia,0,1,0,0,1,0,0,1,0,0
Kamimuria,0,0,0,0,1,0,0,1,0,0
Kathroperla,0,0,0,0,1,0,0,1,0,0
Kelgena,0,0,1,1,0,0,1,0,1,0
Kempnyella,0,0,0,0,1,0,0,1,0,0
Kempnyia,0,0,0,0,1,0,0,1,0,1
Kiotina,0,0,0,0,1,0,0,1,0,0
Kirrara,0,1,0,0,0,0,0,1,0,1
Klapopteryx,0,0,0,0,0,0,0,0,0,0
Koetonga,0,0,0,0,1,0,0,1,0,0
Kogotus,0,0,0,0,1,0,0,1,0,0
Koorrnonga,0,0,0,0,0,0,0,0,0,0
Kosrheithrus,0,0,0,0,0,0,0,0,0,0
Labidiosticta,0,0,0,0,0,0,0,0,0,0
Labiobaetis,0,1,0,0,0,0,0,0,0,1
Labrogomphus,0,0,0,0,1,1,0,0,0,0
Lachlania,1,0,0,0,0,0,0,1,0,0
Ladona,0,0,0,0,1,0,0,0,1,0
Lamelligomphus,0,0,0,0,1,1,0,0,0,0
Lanthus,0,0,0,0,1,1,0,0,0,0
Larcasia,0,0,0,1,0,0,0,1,0,0
Lasiocephala,0,0,1,0,0,0,1,0,0,0
Lathrecista,0,0,0,0,1,0,0,0,1,0
Lathrocordulia,0,0,0,0,0,0,0,0,0,0
Latineosus,0,0,0,0,0,0,0,0,0,0
Lauromacromia,0,0,0,0,1,0,0,0,0,0
Lectrides,0,1,0,0,0,0,1,0,0,1
Leentvaaria,0,1,1,0,0,0,0,1,1,0
Lenarchus,0,0,1,0,0,0,0,1,1,0
Lepidostoma,0,1,0,0,0,0,1,0,0,0
Leptagrion,0,0,0,0,1,0,1,0,0,0
Leptobasis,0,0,0,0,1,0,1,0,0,0
Leptocerina,0,1,0,0,0,0,1,0,0,1
Leptocerus,0,1,0,0,0,0,1,0,0,1
Leptocnemis,0,0,0,0,1,0,1,0,0,0
Leptodrusus,0,1,1,0,0,0,1,0,1,0
Leptogomphus,0,0,0,0,1,1,0,0,0,0
Leptohyphes,0,1,0,0,0,0,0,1,0,0
Leptohyphodes,0,1,0,1,0,1,0,0,0,0
Leptonema,1,0,0,0,0,0,0,0,0,0
Leptoperla,0,0,0,0,0,0,0,0,0,0
Leptophlebia,0,1,0,0,0,0,0,1,0,1
Leptotaulius,0,0,0,0,0,0,0,0,0,0
Lestagella,0,0,0,0,0,0,0,0,0,0
Lestes,0,0,0,0,1,0,1,0,0,0
Lestinogomphus,0,0,0,0,1,0,0,0,1,0
Lestoidea,0,0,0,0,0,0,0,0,0,0
Leucorrhinia,0,0,0,0,1,0,0,0,1,0
Leucotrichia,0,0,0,1,0,0,0,1,0,0
Leucrocuta,0,1,0,1,0,0,0,1,0,0
Leuctra,0,0,1,0,0,0,0,1,1,0
Levanidovia,0,0,0,0,1,0,0,1,1,0
Libellago,0,0,0,0,0,0,0,0,0,0
Libellula,0,0,0,0,1,0,0,0,1,0
Libyogomphus,0,0,0,0,1,0,0,0,0,0
Liebebiella,0,1,0,0,0,0,0,0,0,1
Limnephilus,0,0,1,0,0,0,0,0,1,0
Limnetron,0,0,0,0,1,0,1,0,0,0
Limnocentropus,0,0,0,0,1,0,0,0,0,0
Limnoperla,0,0,0,0,0,0,0,0,0,0
Lindenia,0,0,0,0,1,1,0,0,0,0
Lingora,0,0,0,0,0,0,0,0,0,0
Lisetta,0,1,1,0,0,0,0,1,1,0
Lithax,0,0,0,1,0,0,0,1,0,0
Litobrancha,1,1,0,0,0,1,0,0,0,0
Lokia,0,0,0,0,0,0,0,0,0,0
Lumahyphes,0,1,0,1,0,0,0,1,1,0
Lype,0,0,0,1,0,1,0,0,0,0
Lyriothemis,0,0,0,0,1,0,0,0,1,0
Maccaffertium,0,0,0,0,1,0,0,0,1,1
Macrodiplax,0,0,0,0,1,0,0,0,1,0
Macrogomphus,0,0,0,0,1,1,0,0,0,0
Macrogynoplax,0,0,0,0,1,0,0,1,0,0
Macromia,0,0,0,0,1,0,0,0,1,0
Macromidia,0,0,0,0,0,0,0,0,0,0
Macronema,1,0,0,0,0,0,0,0,0,0
Macrostemum,1,0,0,0,0,0,0,1,0,0
Macrothemis,0,0,0,0,1,0,0,0,1,0
Macunahyphes,0,0,0,0,0,0,0,0,0,0
Magadacerina,0,1,0,0,0,0,1,0,0,1
Magallanella,0,1,1,0,0,0,0,1,1,0
Malenka,0,1,1,0,0,0,0,1,0,1
Malgassophlebia,0,0,0,0,1,0,0,0,1,0
Malirekus,0,0,1,0,1,0,0,1,0,1
Manophylax,0,0,0,1,0,0,0,1,0,0
Marilia,0,0,0,1,1,0,0,0,1,0
Marthamea,0,0,0,0,1,0,0,1,0,0
Massartella,0,1,0,0,0,0,0,1,0,1
Massartellopsis,0,1,0,0,0,0,0,1,0,1
Mastigoptila,0,0,0,1,0,0,0,1,0,0
Matasia,0,0,0,0,0,0,0,0,0,0
Matrona,0,0,0,0,1,0,1,0,0,0
Mauiulus,0,1,0,0,0,0,0,1,0,1
Mayatrichia,0,0,0,1,0,0,0,1,0,0
Maydenoptila,0,0,0,0,0,0,0,0,0,0
Mayobaetis,0,1,0,0,0,0,0,0,0,1
Mecistogaster,0,0,0,0,1,0,1,0,0,0
Megalagrion,0,0,0,0,1,0,1,0,0,0
Megaleptoperla,0,0,0,0,0,0,0,0,0,0
Megalestes,0,0,0,0,0,0,0,0,0,0
Megalogomphus,0,0,0,0,1,1,0,0,0,0
Megaloprepus,0,0,0,0,1,0,1,0,0,0
Megapodagrion,0,0,0,0,0,0,0,0,0,0
Megarcys,0,0,0,0,1,0,0,1,0,0
Megogata,0,0,0,0,1,0,0,1,0,0
Melampophylax,1,1,0,0,0,0,0,1,0,1
Melanemerella,0,0,0,0,0,0,0,0,0,0
Melanotrichia,0,0,0,0,0,0,0,0,0,0
Melligomphus,0,0,0,0,0,0,0,0,0,0
Meridialaris,0,1,0,0,0,0,0,1,0,1
Merogomphus,0,0,0,0,1,1,0,0,0,0
Mesamphiagrion,0,0,0,0,1,0,1,0,0,0
Mesocapnia,0,0,1,0,0,0,0,0,1,0
Mesocnemis,0,0,0,0,0,0,0,0,0,0
Mesoleptobasis,0,0,0,0,1,0,1,0,0,0
Mesophylax,0,0,0,0,0,0,0,0,0,0
Mesoplocia,1,0,0,0,0,0,0,0,0,0
Mesopodagrion,0,0,0,0,0,0,0,0,0,0
Metachorema,0,0,0,0,1,0,0,0,0,0
Metacnemis,0,0,0,0,1,0,0,0,0,0
Metaleptobasis,0,0,0,0,1,0,1,0,0,0
Metalype,1,0,0,1,0,0,0,1,0,0
Metamonius,0,0,0,0,0,0,0,0,0,0
Metanoea,1,1,0,0,0,0,0,0,0,1
Metreletus,0,1,0,0,0,0,0,0,0,1
Metreplecton,0,1,0,0,0,0,0,0,0,1
Metretopus,0,0,0,0,1,0,0,1,0,1
Metrichia,0,1,0,1,0,0,1,0,0,0
Miathyria,0,0,0,0,1,0,0,0,1,0
Micrasema,0,0,1,0,0,0,0,1,0,0
Micrathyria,0,0,0,0,1,0,0,0,1,0
Microgomphus,0,0,0,0,1,1,0,0,0,0
Micromacromia,0,0,0,0,1,0,0,0,1,0
Micromidia,0,0,0,0,0,0,0,0,0,0
Microneura,0,0,0,0,1,0,1,0,0,0
Microperla,0,0,0,0,1,0,0,1,1,0
Microphlebia,0,1,0,1,0,0,0,0,0,0
Micropterna,0,1,0,0,0,0,0,1,0,1
Microptila,1,0,0,1,0,0,1,1,0,0
Microstigma,0,0,0,0,0,0,0,0,0,0
Minagrion,0,0,0,0,1,0,1,0,0,0
Miniargiolestes,0,0,0,0,0,0,0,0,0,0
Miocora,0,0,0,0,1,0,0,0,0,0
Mirawara,0,0,0,0,0,0,0,0,0,0
Miroculis,0,1,0,0,0,0,0,1,0,1
Miroculitus,0,1,1,0,0,0,0,1,1,0
Misagria,0,0,0,0,1,0,0,0,1,0
Mnais,0,0,0,0,1,0,1,0,0,0
Mnesarete,0,0,0,0,1,0,1,0,0,0
Molanna,0,0,0,1,0,0,0,0,1,0
Molannodes,0,0,0,0,0,0,0,0,0,0
Monocentra,0,0,1,0,0,0,0,0,1,0
Mortonagrion,0,0,0,0,1,0,1,0,0,0
Mortoniella,0,0,0,1,0,0,0,1,0,0
Moselia,0,0,1,0,0,0,0,1,0,1
Murphyella,0,0,0,0,0,0,0,0,0,0
Mystacides,0,1,0,0,0,0,1,0,0,1
Namamyia,0,1,0,0,0,1,0,0,1,0
Nannodiplax,0,0,0,0,1,0,0,0,1,0
Nannophlebia,0,0,0,0,1,0,0,0,1,0
Nannophya,0,0,0,0,1,0,0,0,1,0
Nannophyopsis,0,0,0,0,1,0,1,0,1,0
Nannothemis,0,0,0,0,1,0,0,0,1,0
Nanomis,0,1,0,0,0,0,0,0,0,1
Nasiaeschna,0,0,0,0,1,1,0,0,0,0
Navicordulia,0,0,0,0,1,0,1,0,1,0
Neaviperla,0,0,0,0,1,0,0,1,0,0
Neboissoperla,0,0,0,0,0,0,0,0,0,0
Neboissophlebia,0,1,0,0,0,0,0,1,0,1
Nectopsyche,0,0,0,1,0,0,1,0,0,0
Needhamella,0,1,0,1,0,0,0,1,0,1
Nehalennia,0,0,0,0,1,0,1,0,0,0
Nemotaulius,0,0,1,1,0,0,0,1,1,0
Nemoura,0,0,1,0,0,0,1,0,1,0
Nemurella,0,0,1,0,0,0,0,0,1,0
Neoatriplectides,0,0,0,0,0,0,0,0,0,0
Neochoroterpes,0,1,0,0,1,0,0,1,1,0
Neocordulia,0,0,0,0,1,0,0,0,0,0
Neodythemis,0,0,0,0,1,0,0,0,1,0
Neoephemera,0,1,0,0,0,0,0,1,1,0
Neoerythromma,0,0,0,0,1,0,1,0,0,0
Neofulla,0,0,0,0,0,0,0,0,0,0
Neogomphus,0,0,0,0,1,1,0,0,0,0
Neoleptophlebia,0,0,0,0,0,0,0,0,0,0
Neonemura,0,0,0,0,0,0,0,0,0,0
Neoneura,0,0,0,0,1,0,1,0,0,0
Neopentura,0,0,0,0,0,0,0,0,0,0
Neoperla,0,0,0,0,1,0,0,1,0,0
Neopetalia,0,0,0,0,0,0,0,0,0,0
Neophya,0,0,0,0,1,0,0,0,0,0
Neophylax,0,1,0,1,0,0,0,1,0,0
Neoseverinia,0,0,1,0,0,0,1,0,1,0
Neosticta,0,0,0,0,0,0,0,0,0,0
Neothremma,0,0,0,1,0,0,1,0,0,0
Neotrichia,0,0,0,1,0,0,0,1,0,0
Neozephlebia,0,1,0,0,0,0,0,1,0,1
Nephepeltia,0,0,0,0,1,0,0,0,1,0
Nepogomphoides,0,0,0,0,1,1,1,0,0,0
Nepogomphus,0,0,0,0,1,1,0,0,0,0
Nerophilus,0,0,1,0,0,0,0,0,1,0
Nesameletus,0,0,0,0,0,0,0,0,0,0
Nesciothemis,0,0,0,0,1,0,0,0,1,0
Nesocordulia,0,0,0,0,0,0,0,0,0,0
Nesogonia,0,0,0,0,1,0,0,0,1,0
Nesoperla,0,0,0,0,0,0,0,0,0,0
Nesoxenia,0,0,0,0,1,0,1,0,1,0
Neuraeschna,1,0,0,0,0,0,0,1,0,0
Neureclipsis,1,0,0,0,0,0,0,1,0,0
Neurobasis,0,0,0,0,1,0,0,1,0,0
Neurochorema,0,0,0,0,1,0,0,1,0,0
Neurocordulia,0,0,0,0,1,0,1,0,0,0
Neurogomphus,0,0,0,0,1,1,0,0,0,0
Neurolestes,0,0,0,0,1,0,0,0,0,0
Neuroperla,0,0,0,0,0,0,0,0,0,0
Neuroperlopsis,0,0,0,0,0,0,0,0,0,0
Neurothemis,0,0,0,0,1,0,0,0,1,0
Newmanoperla,0,0,0,0,0,0,0,0,0,0
Nigrobaetis,0,1,0,0,0,0,0,0,0,1
Nihonogomphus,0,0,0,0,1,1,0,0,0,0
Niponiella,0,0,0,0,1,0,1,1,0,0
Nixe,0,1,0,1,0,0,1,0,0,0
Nodita,0,0,0,0,0,0,0,0,0,0
Noguchiphaea,0,0,0,0,1,0,1,1,0,0
Nososticta,0,0,0,0,0,0,0,0,0,0
Notacanthella,0,1,0,0,0,0,0,1,0,0
Notacanthurus,0,1,0,1,0,0,0,1,0,1
Notalina,0,1,0,0,0,0,1,0,0,1
Notidobia,0,0,1,0,0,0,0,0,1,0
Notidobiella,0,0,1,0,0,0,0,0,1,0
Notiothemis,0,0,0,0,1,0,0,0,1,0
Notoaeschna,0,0,0,0,1,0,1,0,0,0
Notogomphus,0,0,0,0,1,1,0,0,0,0
Notolibellula,0,0,0,0,1,1,0,0,0,0
Notonemoura,0,0,0,0,0,0,0,0,0,0
Notoperla,0,0,0,0,0,0,0,0,0,0
Notoperlopsis,0,0,0,0,0,0,0,0,0,0
Nousia,1,1,0,0,0,0,0,1,0,1
Nyctiophilax,1,0,0,0,0,0,0,1,0,0
Nyctiophylax,1,0,0,0,0,0,0,1,0,0
Nyungara,0,1,0,0,0,1,0,0,0,0
Ochrotrichia,0,1,0,0,0,0,0,1,0,0
Octogomphus,0,0,0,0,1,1,0,0,0,0
Odontocerum,0,0,0,0,1,0,0,0,1,0
Oecetis,0,0,0,0,1,0,0,1,0,0
Oecismus,0,0,0,0,1,0,0,1,0,0
Oeconesus,0,0,0,0,0,0,0,0,0,0
Offadens,0,1,0,0,0,0,0,0,0,1
Oligoaeschna,0,0,0,0,1,0,1,0,0,0
Oligoclada,0,0,0,0,1,0,0,0,1,0
Oligoneuria,1,0,0,0,0,1,0,0,0,0
Oligoneuriella,1,0,0,0,0,1,0,0,0,0
Oligophlebodes,0,1,0,1,0,0,0,1,0,0
Oligoplectrum,0,1,0,0,0,1,0,0,0,0
Oligostomis,0,0,1,0,1,0,1,0,0,0
Oligotricha,0,0,1,0,0,0,1,0,0,0
Olinga,0,0,0,0,0,0,0,0,0,0
Olpogastra,0,0,0,0,1,0,0,0,1,0
Oniscigaster,0,0,0,0,0,0,0,0,0,0
Onocosmoecus,0,0,1,0,0,0,1,0,0,0
Onychargia,0,0,0,0,0,0,0,0,0,0
Onychogomphus,0,0,0,0,1,1,0,0,0,0
Onychothemis,0,0,0,0,1,0,0,0,1,0
Ophiogomphus,0,0,0,0,1,1,0,0,0,0
Oplonaeschna,0,0,0,0,1,0,1,0,0,0
Orchithemis,0,0,0,0,1,0,1,0,1,0
Oreiallagma,0,0,0,0,0,0,0,0,0,0
Oreocnemis,0,0,0,0,1,0,0,1,1,0
Orientogomphus,0,0,0,0,1,1,0,0,0,0
Oristicta,0,0,0,0,0,0,0,0,0,0
Ormenophlebia,0,0,0,0,0,0,0,0,0,0
Orolestes,0,0,0,0,1,0,1,1,0,0
Oroperla,0,0,0,0,1,0,0,1,0,0
Orphninotrichia,0,1,1,0,0,0,0,1,0,0
Orthemis,0,0,0,0,1,0,1,1,1,0
Orthetrum,0,0,0,0,1,0,1,1,1,0
Orthopsyche,1,0,0,0,1,0,0,1,0,0
Orthotrichia,0,1,1,0,0,0,0,1,0,0
Oxyagrion,0,0,0,0,1,0,1,1,1,0
Oxyallagma,0,0,0,0,1,0,1,0,1,0
Oxyethira,0,1,1,0,0,0,0,1,0,0
Oxygastra,0,0,0,0,0,0,0,0,0,0
Oxystigma,0,0,0,0,0,0,0,0,0,0
Oxythemis,0,0,0,0,1,0,1,1,1,0
Oyamia,0,0,0,0,1,0,0,1,0,1
Pachydiplax,0,0,0,0,1,0,1,1,1,0
Pachyleuctra,0,0,1,0,0,0,0,1,0,0
Paduniella,0,1,1,1,0,0,0,1,0,0
Paegniodes,0,1,0,1,0,0,0,1,0,0
Palaemnema,0,0,0,0,0,0,0,0,0,0
Palaiargia,0,0,0,0,0,0,0,0,0,0
Palingenia,0,0,0,0,0,0,0,0,0,0
Palpopleura,0,0,0,0,1,0,1,1,1,0
Paltothemis,0,0,0,0,1,0,1,1,1,0
Paniplax,0,0,0,0,0,0,0,0,0,0
Pantala,0,0,0,0,1,0,1,1,1,0
Papagnetina,0,0,0,0,1,0,0,1,0,1
Papuagrion,0,0,0,0,1,0,1,1,0,0
Paracapnia,0,0,1,0,0,0,0,1,0,0
Paracercion,0,0,0,0,1,0,1,1,0,0
Parachiona,0,0,1,1,1,0,0,1,1,0
Paracinygmula,0,0,0,0,0,0,0,0,0,0
Paracloeodes,0,1,0,1,0,0,1,1,0,1
Paracordulia,0,0,0,0,1,0,1,0,1,0
Paragnetina,0,0,0,0,0,0,0,0,0,0
Paragomphus,0,0,0,0,1,1,0,1,0,0
Paraleptophlebia,0,1,1,0,0,1,0,1,1,1
Paraleuctra,0,0,1,0,0,0,0,1,0,0
Parameletus,0,0,0,0,0,0,1,0,0,1
Paranyctiophylax,1,0,1,0,1,0,0,1,0,0
Paraperla,0,0,0,0,1,0,0,1,0,0
Paraphlebia,0,0,0,0,0,0,0,0,0,0
Paraphlegopteryx,0,0,0,0,0,0,0,0,0,0
Parapsyche,1,0,0,0,1,0,0,1,0,0
Parasericostoma,0,1,1,0,0,1,0,0,1,0
Parasetodes,0,1,0,0,1,1,1,1,1,1
Parasynthemis,0,0,0,0,0,0,0,0,0,0
Parazyxomma,0,0,0,0,1,0,1,1,1,0
Paroxyethira,0,1,1,0,0,0,0,1,0,0
Paucicalcaria,0,0,0,0,1,0,1,0,0,0
Paulianodes,0,0,0,0,0,0,0,0,0,0
Pedomoecus,0,0,0,1,0,0,0,1,0,0
Peltoperla,0,0,1,0,0,0,0,1,1,0
Peltoperlopsis,0,0,1,0,0,0,0,1,0,0
Pelurgoperla,0,0,0,0,0,0,0,0,0,0
Penaphlebia,0,0,0,0,0,0,0,0,0,0
Pentagenia,1,1,0,0,0,1,0,0,0,0
Pentaphlebia,0,0,0,0,0,0,0,0,0,0
Pentathemis,0,0,0,0,1,0,1,0,1,0
Penturoperla,0,0,0,0,1,0,0,1,0,0
Periaeschna,0,0,0,0,1,0,1,1,0,0
Pericnemis,0,0,0,0,1,0,1,0,1,0
Perigomphus,0,0,0,0,1,1,0,1,0,0
Perilestes,0,0,0,0,0,0,0,0,0,0
Periomyia,0,0,0,0,0,0,0,0,0,0
Perissogomphus,0,0,0,0,1,1,0,1,0,0
Perissolestes,0,0,0,0,0,0,0,0,0,0
Perissophlebiodes,0,1,1,0,0,0,0,1,1,0
Peristicta,0,0,0,0,1,0,1,1,1,0
Perithemis,0,0,0,0,1,0,1,1,1,0
Perla,0,0,0,0,0,0,0,0,0,0
Perlesta,0,0,1,1,1,0,0,1,0,1
Perlinella,0,0,0,0,1,0,0,1,0,1
Perlinodes,0,0,0,0,1,0,0,1,0,0
Perlodes,0,0,0,0,1,0,0,1,0,0
Perlomyia,0,0,0,0,1,0,0,1,0,0
Peruviogomphus,0,0,0,0,1,1,0,1,0,0
Petaliaeschna,0,0,0,0,1,0,1,1,0,0
Petalura,0,0,0,0,0,0,0,0,0,0
Petroplax,0,1,1,0,0,1,0,0,1,0
Petrothrincus,0,0,0,0,0,0,0,0,0,0
Peuomyia,0,0,0,0,0,0,0,0,0,0
Phacopteryx,0,0,0,0,0,0,0,0,0,0
Phaenandrogomphus,0,0,1,1,0,0,0,0,0,1
Phanogomphus,0,0,1,1,0,0,0,0,0,1
Phaon,0,0,0,0,1,0,1,0,0,0
Phasmoneura,0,0,0,0,1,0,1,1,1,1
Phenes,0,0,0,0,0,0,0,0,0,0
Philarctus,0,0,1,1,1,0,0,1,1,0
Philocrena,0,0,0,1,1,0,0,1,1,0
Philoganga,0,0,0,0,0,0,0,0,0,0
Philogenia,0,0,0,0,0,0,0,0,0,0
Philopotamus,1,0,0,1,0,0,0,1,0,0
Philorheithrus,0,0,0,0,0,0,0,0,0,0
Philosina,0,0,0,0,0,0,0,0,0,0
Phoenicagrion,0,0,0,0,1,0,1,1,1,0
Phryganea,0,0,1,0,1,0,1,0,0,0
Phryganopsyche,0,0,0,0,0,0,0,0,0,0
Phyllocycla,0,0,0,0,1,1,0,1,0,0
Phyllogomphoides,0,0,0,0,1,1,0,1,0,0
Phyllogomphus,0,0,0,0,1,1,0,1,0,0
Phylloicus,0,0,1,0,0,0,0,0,1,0
Phyllomacromia,0,0,0,0,1,0,0,0,1,0
Phyllothemis,0,0,0,0,1,0,1,0,1,0
Phylocentropus,1,0,0,0,0,1,0,0,0,0
Phylolestes,0,0,0,0,0,0,0,0,0,0
Pictetiella,0,0,0,0,1,0,0,1,0,0
Pictetoperla,0,0,0,0,0,0,0,0,0,0
Pinheyagrion,0,0,0,0,1,0,0,0,0,0
Pinheyschna,0,0,0,0,1,0,1,1,0,0
Planaeschna,0,0,0,0,1,0,1,1,0,0
Planiplax,0,0,0,0,1,0,1,1,1,0
Plano,1,0,0,0,1,0,0,0,1,1
Plathemis,0,0,0,0,1,0,1,1,1,0
Platybaetis,0,1,0,1,0,0,1,1,0,1
Platycentropus,0,0,1,0,0,0,1,0,0,0
Platycnemis,0,0,0,0,0,0,0,0,0,0
Platycypha,0,0,0,0,0,0,0,0,0,0
Platylestes,0,0,0,0,1,0,1,0,0,1
Platyphylax,0,0,1,1,0,0,1,0,1,0
Platysticta,0,0,0,0,0,0,0,0,0,0
Plauditus,0,0,1,1,0,0,0,1,0,1
Plectrocnemia,1,0,0,0,1,0,0,1,0,0
Plectrotarsus,0,0,0,0,0,0,0,0,0,0
Plumiperla,0,0,0,0,1,0,0,1,0,0
Podmosta,0,0,1,0,0,0,1,0,0,0
Podolestes,0,0,0,0,0,0,0,0,0,0
Podopteryx,0,0,1,1,0,0,0,0,0,1
Poecilophlebia,1,0,0,0,1,0,0,0,1,1
Polycanthagyna,0,0,0,0,1,0,1,1,0,0
Polycentropus,1,0,1,0,1,0,0,1,0,0
Polymorphanisus,1,0,0,0,1,0,0,1,0,1
Polyplectropus,0,0,1,1,0,0,0,1,0,0
Polyplocia,1,0,0,0,1,0,0,0,1,1
Polythore,0,0,1,1,0,0,0,0,0,1
Pontoperla,0,0,0,0,1,0,0,1,0,1
Poranga,0,1,1,0,0,1,0,1,1,1
Pornothemis,0,0,0,0,1,0,1,1,1,1
Porpax,0,0,1,1,0,0,0,0,0,1
Potamanthellus,0,1,0,0,0,0,0,1,0,0
Potamanthus,0,1,0,0,0,0,0,1,1,0
Potamarcha,0,0,0,0,1,0,1,1,1,1
Potamophylax,0,0,1,1,1,0,0,1,1,0
Potamyia,1,0,0,0,1,0,0,1,0,1
Povilla,1,1,0,0,0,1,0,0,0,0
Prebaetodes,0,1,0,1,0,0,1,1,0,1
Priasthenopus,0,0,0,0,0,0,0,0,0,0
Procloeon,0,1,0,1,0,0,1,1,0,1
Procordulia,0,0,0,0,1,0,1,0,1,1
Prodasineura,0,0,1,1,0,0,0,0,0,1
Progomphus,0,0,0,0,1,1,0,1,0,1
Proischnura,0,0,0,0,1,0,1,1,1,1
Prosopistoma,1,0,0,0,1,0,0,0,1,1
Prostoia,0,1,1,1,0,0,0,1,0,1
Protallagma,0,0,0,0,1,0,1,1,1,1
Protolestes,0,0,0,0,1,0,1,0,0,1
Protonemura,0,0,1,0,0,0,0,1,0,0
Protoneura,0,0,0,0,1,0,1,1,1,1
Protoptila,0,1,0,1,0,0,0,1,0,0
Protorthemis,0,0,0,0,1,0,1,1,1,1
Protosticta,0,0,1,1,0,0,0,0,0,1
Psaironeura,0,0,0,0,1,0,1,1,1,1
Pseudagrion,0,0,0,0,1,0,1,1,1,1
Pseudiron,0,0,0,0,1,0,0,0,1,1
Pseudocentroptiloides,0,1,0,1,0,0,1,1,0,1
Pseudocentroptilum,0,1,0,1,0,0,1,1,0,1
Pseudocloeon,0,1,0,1,0,0,1,1,0,1
Pseudocopera,0,0,0,0,1,0,0,0,1,0
Pseudocordulia,0,0,0,0,0,0,0,0,0,0
Pseudoeconesus,0,0,1,1,0,0,0,1,0,0
Pseudogoera,0,0,1,0,1,1,0,0,1,0
Pseudoleon,0,0,0,0,1,0,1,1,1,0
Pseudolestes,0,0,0,0,1,0,0,0,0,0
Pseudoneureclipsis,1,0,0,0,1,0,0,1,0,0
Pseudopsilopteryx,0,0,1,1,1,0,0,1,1,0
Pseudoradema,0,0,0,0,1,0,0,1,0,0
Pseudostenophylax,0,1,1,0,0,0,0,0,1,0
Pseudostigma,0,0,0,0,1,0,1,1,1,1
Pseudothemis,0,0,0,0,1,0,1,1,1,0
Psilochorema,0,0,0,0,1,0,0,1,0,0
Psilopterna,0,0,1,1,0,0,1,0,1,0
Psilopteryx,0,0,1,1,0,0,1,0,1,0
Psilotreta,0,1,1,0,0,1,0,0,1,0
Psolodesmus,0,0,0,0,1,0,1,0,0,1
Psychoglypha,0,1,1,1,0,0,0,1,1,0
Psychomyia,1,1,0,1,0,0,0,1,0,0
Psychoronia,0,0,1,1,1,0,0,1,1,0
Psyllobetina,0,0,0,0,1,0,0,1,0,0
Pteronarcella,0,1,1,1,1,0,0,1,1,0
Pteronarcys,0,1,1,1,1,0,0,1,1,1
Ptilocolepus,0,0,0,0,1,0,1,0,0,0
Ptilostomis,0,0,1,0,1,0,1,0,0,0
Ptychobiosis,0,0,0,0,1,0,0,1,0,0
Pycnocentrella,0,0,1,1,0,0,0,1,0,0
Pycnocentria,0,0,1,1,0,0,0,1,0,0
Pycnocentrodes,0,0,1,1,0,0,0,1,0,0
Pycnopsyche,0,1,1,0,0,0,1,0,1,0
Pyrrhargiolestes,0,0,0,0,0,0,0,0,0,0
Pyrrhosoma,0,0,0,0,1,0,1,1,1,0
Rakiura,0,1,0,1,0,1,0,1,0,0
Rallidens,0,0,0,0,0,0,0,0,0,0
Raphismia,0,0,0,0,1,0,1,0,1,0
Raptobaetopus,0,1,0,1,0,0,1,1,0,1
Remartinia,0,0,0,0,1,0,1,1,0,0
Remenus,0,0,0,0,1,0,0,1,0,0
Reriomyia,0,0,0,0,0,0,0,0,0,0
Rhabdiopteryx,0,0,1,0,0,0,0,1,0,0
Rhadicoleptus,0,0,1,1,1,0,0,1,1,0
Rhadinosticta,0,0,1,1,0,0,0,1,0,0
Rheochorema,0,0,0,0,1,0,0,1,0,0
Rhigotopus,0,1,1,0,0,0,0,1,1,0
Rhinagrion,0,0,1,1,0,0,0,0,0,1
Rhinocypha,0,0,1,1,0,0,0,0,0,1
Rhinoneura,0,0,0,0,0,0,0,0,0,0
Rhionaeschna,0,0,0,0,1,0,1,1,0,1
Rhipidolestes,0,0,1,1,0,0,0,0,0,1
Rhithrogena,0,1,0,1,0,0,0,1,0,0
Rhodischnura,0,0,0,0,0,0,0,0,0,0
Rhodopygia,0,0,1,1,0,0,0,0,0,1
Rhodothemis,0,0,1,1,0,0,0,0,0,1
Rhoenanthus,0,1,0,0,0,0,0,1,1,0
Rhopalopsole,0,0,1,0,0,0,0,1,0,0
Rhopyscelis,0,0,0,0,0,0,0,0,0,0
Rhyacophila,0,1,1,1,1,0,0,1,1,1
Rhyacopsyche,0,0,0,0,1,0,1,0,0,0
Rhyothemis,0,0,0,0,1,0,1,1,1,0
Rialla,0,0,0,0,1,0,1,0,1,0
Rickera,0,0,0,0,1,0,0,1,0,0
Riekoperla,0,0,0,0,1,0,0,1,0,0
Rimanella,0,0,1,1,0,0,0,0,0,1
Risiocnemis,0,0,1,1,0,0,0,0,0,1
Risiophlebia,0,0,0,0,1,0,1,0,1,0
Rivudiva,0,1,0,1,0,0,1,1,0,1
Rizeiella,0,0,1,1,0,0,1,0,1,0
Rondophlebia,0,0,0,0,0,0,0,0,0,0
Sapho,0,0,0,0,1,0,1,0,0,0
Sarasaeschna,0,0,0,0,1,0,1,1,0,0
Scalmogomphus,0,0,0,0,1,1,0,1,0,1
Scapanea,0,0,0,0,1,0,1,1,1,0
Schistolobos,0,0,0,0,1,0,1,1,0,0
Schizopelex,0,1,1,0,0,1,0,0,1,0
Scopura,0,0,0,0,0,0,0,0,0,0
Scutoptilum,0,1,0,1,0,0,1,1,0,1
Secochela,0,1,1,0,0,0,0,1,1,0
Selysiothemis,0,0,0,0,1,0,1,1,1,1
Semblis,0,0,1,0,1,0,1,0,0,0
Senzilloides,0,0,0,0,0,0,0,0,0,0
Sericostoma,0,1,1,0,0,1,0,0,1,0
Sericostriata,0,1,0,1,0,0,0,1,0,0
Serratella,0,1,1,0,0,0,0,1,1,1
Setodes,0,1,0,0,1,1,1,1,1,1
Setvena,0,0,0,0,1,0,0,1,0,0
Shaogomphus,0,0,0,0,1,1,0,1,0,0
Shipsa,0,0,1,0,0,0,0,1,0,1
Sieboldius,0,0,0,0,1,1,0,1,0,0
Sierraperla,0,0,1,0,0,0,0,1,0,0
Silo,0,0,0,0,0,0,0,0,0,0
Silonella,0,0,0,0,0,0,0,0,0,0
Similicloeon,0,0,0,0,0,0,0,0,0,0
Simothraulodes,0,0,0,0,0,0,0,0,0,0
Simothraulopsis,0,0,0,0,0,0,0,0,0,0
Sinhalestes,0,0,0,0,1,0,1,1,0,1
Sinictinogomphus,0,0,0,0,0,0,0,0,0,0
Sinogomphus,0,0,0,0,0,0,0,0,0,0
Sinolestes,0,0,0,0,1,0,0,0,0,0
Sinosticta,0,0,0,0,0,0,0,0,0,0
Siphlaenigma,0,0,0,0,0,0,0,0,0,0
Siphlonella,0,0,0,0,0,0,0,0,0,0
Siphlonurus,0,0,0,0,0,0,0,0,0,0
Siphloplecton,0,0,0,0,0,0,0,0,0,0
Siphluriscus,0,0,0,0,0,0,0,0,0,0
Siphonoperla,0,0,0,0,0,0,0,0,0,0
Skwala,0,0,0,0,0,0,0,0,0,0
Smicridea,0,0,0,0,0,0,0,0,0,0
Smicrophylax,0,0,0,0,0,0,0,0,0,0
Somatochlora,0,0,0,0,0,0,0,0,0,0
Soyedina,0,0,0,0,0,0,0,0,0,0
Spaniocerca,0,0,0,0,0,0,0,0,0,0
Spaniocercoides,0,0,0,0,0,0,0,0,0,0
Spaniophlebia,1,0,0,0,0,1,0,0,0,0
Sparbarus,0,0,0,0,0,0,0,0,0,0
Spesbona,0,0,0,0,1,0,0,0,0,0
Sphagnophylax,0,0,0,0,0,0,0,0,0,0
Spinaeschna,0,0,0,0,0,0,0,0,0,0
Spiritiops,0,0,0,0,0,0,0,0,0,0
Stactobia,0,0,0,0,0,0,0,0,0,0
Stactobiella,0,0,0,0,0,0,0,0,0,0
Staurophlebia,0,0,0,0,0,0,0,0,0,0
Stavsolus,0,0,0,0,0,0,0,0,0,0
Stenacron,0,0,0,0,0,0,0,0,0,0
Stenocypha,0,0,0,0,1,0,0,0,0,0
Stenogomphurus,0,0,0,0,1,1,0,0,0,0
Stenonema,0,0,0,0,1,0,0,0,1,1
Stenoperla,0,0,0,0,0,0,0,0,0,0
Stenophylax,0,0,0,0,0,0,0,0,0,0
Stenopsyche,0,0,0,0,0,0,0,0,0,0
Stenopsychodes,0,0,0,0,0,0,0,0,0,0
Strophopteryx,0,0,1,1,0,1,0,1,0,0
Stylogomphus,0,0,0,0,0,0,0,0,0,0
Stylurus,0,0,0,0,0,0,0,0,0,0
Sucio,0,0,0,0,0,0,0,0,0,0
Sundacypha,0,0,0,0,0,0,0,0,0,0
Susulus,0,0,1,0,1,0,0,1,0,1
Suwallia,0,0,0,0,0,0,0,0,0,0
Sweltsa,0,0,0,0,0,0,0,0,0,0
Sympecma,0,0,0,0,0,0,0,0,0,0
Sympetrum,0,0,0,0,0,0,0,0,0,0
Symphitoneuria,0,0,0,0,0,0,0,0,0,0
Synagapetus,0,0,0,0,0,0,0,0,0,0
Syncordulia,0,0,0,0,0,0,0,0,0,0
Synlestes,0,0,0,0,0,0,0,0,0,0
Synoestropsis,0,0,0,0,0,0,0,0,0,0
Synthemiopsis,0,0,0,0,0,0,0,0,0,0
Synthemis,0,0,0,0,0,0,0,0,0,0
Tachopteryx,0,0,0,0,0,0,0,0,0,0
Taenionema,0,0,0,0,0,0,0,0,0,0
Taeniopteryx,0,0,0,0,0,0,0,0,0,0
Tamasia,0,0,0,0,0,0,0,0,0,0
Tanjilana,0,0,0,0,0,0,0,0,0,0
Tanjistomella,0,0,0,0,0,0,0,0,0,0
Tanypteryx,0,0,0,0,0,0,0,0,0,0
Tapajobaetis,0,0,0,0,0,0,0,0,0,0
Taraperla,0,0,0,0,0,0,0,0,0,0
Taschorema,0,0,0,0,0,0,0,0,0,0
Tasiagma,0,0,0,0,0,0,0,0,0,0
Tasimia,0,0,0,0,0,0,0,0,0,0
Taskiria,0,0,0,0,0,0,0,0,0,0
Tasmanocoenis,0,0,0,0,0,0,0,0,0,0
Tasmanophlebia,0,0,0,0,0,0,0,0,0,0
Tatocnemis,0,0,0,0,0,0,0,0,0,0
Tauriphila,0,0,0,0,0,0,0,0,0,0
Teinobasis,0,0,0,0,0,0,0,0,0,0
Teinopodagrion,0,0,0,0,0,0,0,0,0,0
Telagrion,0,0,0,0,0,0,0,0,0,0
Telebasis,0,0,0,0,0,0,0,0,0,0
Telephlebia,0,0,0,0,0,0,0,0,0,0
Teloganodes,0,0,0,0,0,0,0,0,0,0
Teloganopsis,0,1,0,0,0,0,0,1,0,0
Tepakia,0,1,1,0,0,0,0,1,1,0
Terpides,0,0,0,0,0,0,0,0,0,0
Tetracanthagyna,0,0,0,0,0,0,0,0,0,0
Tetrathemis,0,0,0,0,0,0,0,0,0,0
Tetropina,0,0,0,0,0,0,0,0,0,0
Teutoperla,0,0,0,0,0,0,0,0,0,0
Thalerosphyrus,0,0,0,0,0,0,0,0,0,0
Thaumatoneura,0,0,0,0,1,0,0,0,0,0
Thaumatoperla,0,0,0,0,0,0,0,0,0,0
Theliopsyche,0,0,1,0,0,0,1,0,1,0
Thermochoria,0,0,0,0,0,0,0,0,0,0
Thermorthemis,0,0,0,0,0,0,0,0,0,0
Tholymis,0,0,0,0,0,0,0,0,0,0
Thraulodes,0,0,0,0,0,0,0,0,0,0
Thraulophlebia,0,1,1,0,0,0,0,1,1,0
Thraulus,0,0,0,0,0,0,0,0,0,0
Thremma,0,0,0,0,0,0,0,0,0,0
Tibiagomphus,0,0,0,0,0,0,0,0,0,0
Tigriagrion,0,0,0,0,0,0,0,0,0,0
Tikuna,0,1,1,0,0,0,0,1,1,0
Tillyardophlebia,0,0,0,0,0,0,0,0,0,0
Timpanoga,0,1,0,0,0,0,0,1,1,0
Tinodes,0,0,0,0,0,0,0,0,0,0
Tiphobiosis,0,0,1,0,1,0,1,0,0,1
Togoperla,0,0,0,0,0,0,0,0,0,0
Tomedontus,0,0,0,0,0,0,0,0,0,0
Tonyosynthemis,0,0,0,0,0,0,0,0,0,0
Torleya,0,0,0,0,0,0,0,0,0,0
Tortopsis,1,1,0,0,0,1,0,0,0,0
Tortopus,1,0,0,0,0,1,0,0,0,0
Tragogomphus,0,0,0,0,0,0,0,0,0,0
Tramea,0,0,0,0,0,0,0,0,0,0
Traverella,0,0,0,0,0,0,0,0,0,0
Traverhyphes,0,0,0,0,0,0,0,0,0,0
Traverina,0,0,0,0,0,0,0,0,0,0
Triacanthagyna,0,0,0,0,0,0,0,0,0,0
Triaenodes,0,0,0,0,0,0,0,0,0,0
Trianodes,0,0,0,0,0,0,0,0,0,0
Tricholeiochiton,0,0,0,0,0,0,0,0,0,0
Trichosetodes,0,0,0,0,0,0,0,0,0,0
Trichostegia,0,0,0,0,0,0,0,0,0,0
Tricorythodes,0,0,0,0,0,0,0,0,0,0
Tricorythopsis,0,0,0,0,0,0,0,0,0,0
Tricorythus,0,0,0,0,0,0,0,0,0,0
Trigomphus,0,0,0,0,0,0,0,0,0,0
Trinotoperla,0,0,0,0,0,0,0,0,0,0
Triplectides,0,0,0,0,0,0,0,0,0,0
Trithemis,0,0,0,0,0,0,0,0,0,0
Trithetrum,0,0,0,0,0,0,0,0,0,0
Triznaka,0,0,0,0,0,0,0,0,0,0
Tuberculobasis,0,0,0,0,0,0,0,0,0,0
Tupiara,0,1,0,0,0,0,0,1,0,1
Turquinophlebia,0,0,0,0,0,0,0,0,0,0
Tyriobapta,0,0,0,0,0,0,0,0,0,0
Tyrrhenoleuctra,0,0,0,0,0,0,0,0,0,0
Udamocercia,0,0,0,0,0,0,0,0,0,0
Uenoa,0,1,0,1,0,0,0,1,0,0
Ulmeritoides,0,0,0,0,0,0,0,0,0,0
Ulmeritus,0,0,0,0,0,0,0,0,0,0
Ulmerochorema,0,0,0,0,0,0,0,0,0,0
Ulmerophlebia,0,0,0,0,0,0,0,0,0,0
Umma,0,0,0,0,0,0,0,0,0,0
Uracanthella,0,0,0,0,0,0,0,0,0,0
Uracis,0,0,0,0,0,0,0,0,0,0
Uropetala,0,0,0,0,0,0,0,0,0,0
Urothemis,0,0,0,0,0,0,0,0,0,0
Utacapnia,0,0,0,0,0,0,0,0,0,0
Utaperla,0,0,0,0,0,0,0,0,0,0
Vacupernius,0,0,0,0,0,0,0,0,0,0
Varipes,0,0,0,0,0,0,0,0,0,0
Verger,0,0,0,0,0,0,0,0,0,0
Vestalis,0,0,0,0,0,0,0,0,0,0
Vietnamella,0,0,0,0,0,0,0,0,0,0
Viridithemis,0,0,0,0,0,0,0,0,0,0
Visoka,0,0,0,0,0,0,0,0,0,0
Waltzoyphius,0,0,0,0,0,0,0,0,0,0
Williamsonia,0,0,0,0,0,0,0,0,0,0
Wormaldia,0,0,0,0,0,0,0,0,0,0
Wundacaenis,0,0,0,0,0,0,0,0,0,0
Xanthagrion,0,0,0,0,0,0,0,0,0,0
Xanthocnemis,0,0,0,0,0,0,0,0,0,0
Xanthoperla,0,0,0,0,0,0,0,0,0,0
Xiphiagrion,0,0,0,0,1,0,1,0,1,0
Xiphocentron,0,0,0,0,0,0,0,0,0,0
Yaurina,0,1,0,1,0,0,0,1,1,0
Ylodes,0,0,0,0,0,0,0,0,0,0
Yoraperla,0,0,0,0,0,0,0,0,0,0
Yugus,0,0,1,0,1,0,0,1,0,1
Zapada,0,0,0,0,0,0,0,0,0,0
Zelandobius,0,0,0,0,0,0,0,0,0,0
Zelandoperla,0,0,0,0,0,0,0,0,0,0
Zelandopsyche,0,0,0,0,0,0,0,0,0,0
Zelandoptila,1,0,0,1,0,0,0,1,0,0
Zelolessica,0,0,0,0,0,0,0,0,0,0
Zelusia,0,0,0,0,0,0,0,0,0,0
Zenithoptera,0,0,0,0,0,0,0,0,0,0
Zephlebia,0,0,0,0,0,0,0,0,0,0
Zephyrogomphus,0,0,0,0,0,0,0,0,0,0
Zoniagrion,0,0,0,0,0,0,0,0,0,0
Zonophora,0,0,0,0,0,0,0,0,0,0
Zosteraeschna,0,0,0,0,0,0,0,0,0,0
Zumatrichia,0,0,0,0,0,0,0,0,0,0
Zwicknia,0,0,0,0,0,0,0,0,0,0
Zygonoides,0,0,0,0,0,0,0,0,0,0
Zygonyx,0,0,0,0,0,0,0,0,0,0
Zyxomma,0,0,0,0,0,0,0,0,0,0
